{"cameraMode":{"drawMode":0,"name":"Shaded","section":"Shading Mode"},"sceneLighting":true,"audioPlay":false,"sceneViewState":{"showFog":false,"showMaterialUpdate":false,"showSkybox":false,"showFlares":false,"showImageEffects":false,"showParticleSystems":false},"in2DMode":false,"pivot":{"x":0.0483822226524353,"y":0.2783282995223999,"z":0.04622793197631836},"rotation":{"x":-0.11073461174964905,"y":-0.07833334058523178,"z":0.008755872957408429,"w":-0.9907222986221314},"size":0.9152125716209412,"orthographic":false}