{"cameraMode":{"drawMode":0,"name":"Shaded","section":"Shading Mode"},"sceneLighting":true,"audioPlay":false,"sceneViewState":{"showFog":false,"showMaterialUpdate":false,"showSkybox":false,"showFlares":false,"showImageEffects":false,"showParticleSystems":false},"in2DMode":false,"pivot":{"x":0.15981048345565797,"y":0.25298207998275759,"z":0.21685361862182618},"rotation":{"x":-0.037784747779369357,"y":0.029072294011712076,"z":-0.001099678105674684,"w":-0.998863160610199},"size":6.201690673828125,"orthographic":false}