{"cameraMode":{"drawMode":0,"name":"Shaded","section":"Shading Mode"},"sceneLighting":true,"audioPlay":false,"sceneViewState":{"showFog":false,"showMaterialUpdate":false,"showSkybox":false,"showFlares":false,"showImageEffects":false,"showParticleSystems":false},"in2DMode":false,"pivot":{"x":1.7486016750335694,"y":0.7292185425758362,"z":0.8185086250305176},"rotation":{"x":-0.11822853982448578,"y":-0.07083933055400849,"z":0.008456390351057053,"w":-0.9904221296310425},"size":9.718436241149903,"orthographic":false}