{"cameraMode":{"drawMode":0,"name":"Shaded","section":"Shading Mode"},"sceneLighting":true,"audioPlay":false,"sceneViewState":{"showFog":false,"showMaterialUpdate":false,"showSkybox":false,"showFlares":false,"showImageEffects":false,"showParticleSystems":false},"in2DMode":false,"pivot":{"x":-0.22677180171012879,"y":-0.4990135133266449,"z":89.929931640625},"rotation":{"x":-0.037784747779369357,"y":0.029072294011712076,"z":-0.001099678105674684,"w":-0.998863160610199},"size":1.322112798690796,"orthographic":false}