{"cameraMode":{"drawMode":0,"name":"Shaded","section":"Shading Mode"},"sceneLighting":true,"audioPlay":false,"sceneViewState":{"showFog":false,"showMaterialUpdate":false,"showSkybox":false,"showFlares":false,"showImageEffects":false,"showParticleSystems":false},"in2DMode":false,"pivot":{"x":0.44683924317359927,"y":-1.5174188613891602,"z":90.11957550048828},"rotation":{"x":-0.037784747779369357,"y":0.029072294011712076,"z":-0.001099678105674684,"w":-0.998863160610199},"size":5.7456560134887699,"orthographic":false}