{"cameraMode":{"drawMode":0,"name":"Shaded","section":"Shading Mode"},"sceneLighting":true,"audioPlay":false,"sceneViewState":{"showFog":false,"showMaterialUpdate":false,"showSkybox":false,"showFlares":false,"showImageEffects":false,"showParticleSystems":false},"in2DMode":false,"pivot":{"x":0.9144347310066223,"y":-0.09778666496276856,"z":0.7361030578613281},"rotation":{"x":-0.11822853982448578,"y":-0.07083933055400849,"z":0.008456390351057053,"w":-0.9904221296310425},"size":9.718436241149903,"orthographic":false}