{"cameraMode":{"drawMode":0,"name":"Shaded","section":"Shading Mode"},"sceneLighting":true,"audioPlay":false,"sceneViewState":{"showFog":false,"showMaterialUpdate":false,"showSkybox":false,"showFlares":false,"showImageEffects":false,"showParticleSystems":false},"in2DMode":false,"pivot":{"x":-3.3572020530700685,"y":0.5183933973312378,"z":-0.33333444595336916},"rotation":{"x":-0.037784747779369357,"y":0.029072294011712076,"z":-0.001099678105674684,"w":-0.998863160610199},"size":2.1979236602783205,"orthographic":false}