{"cameraMode":{"drawMode":0,"name":"Shaded","section":"Shading Mode"},"sceneLighting":true,"audioPlay":false,"sceneViewState":{"showFog":false,"showMaterialUpdate":false,"showSkybox":false,"showFlares":false,"showImageEffects":true,"showParticleSystems":false},"in2DMode":false,"pivot":{"x":-8.751937866210938,"y":1.840275526046753,"z":4.335919380187988},"rotation":{"x":-0.01979234628379345,"y":0.04107775166630745,"z":-0.0008109050104394555,"w":-0.9989692568778992},"size":6.129258632659912,"orthographic":false}