{"cameraMode":{"drawMode":0,"name":"Shaded","section":"Shading Mode"},"sceneLighting":true,"audioPlay":false,"sceneViewState":{"showFog":false,"showMaterialUpdate":false,"showSkybox":false,"showFlares":false,"showImageEffects":false,"showParticleSystems":false},"in2DMode":false,"pivot":{"x":2.4748733043670656,"y":-2.074873208999634,"z":0.0},"rotation":{"x":-0.11703839153051377,"y":0.006551817990839481,"z":-0.0007721273577772081,"w":-0.9931061267852783},"size":3.989999771118164,"orthographic":false}