{"cameraMode":{"drawMode":0,"name":"Shaded","section":"Shading Mode"},"sceneLighting":true,"audioPlay":false,"sceneViewState":{"showFog":false,"showMaterialUpdate":false,"showSkybox":false,"showFlares":false,"showImageEffects":false,"showParticleSystems":false},"in2DMode":false,"pivot":{"x":-0.08737969398498535,"y":1.3651634454727173,"z":-0.13785076141357423},"rotation":{"x":-0.037784747779369357,"y":0.029072294011712076,"z":-0.001099678105674684,"w":-0.998863160610199},"size":9.588457107543946,"orthographic":false}